title,release_year,rating,runtime,summary,popularity,total_reviewers,user_reviews,critic_reviews
The Shawshank Redemption,1994,9.2,2h 22m,"Two imprisoned men bond over a number of years, finding solace and eventual redemption through acts of common decency.",88,2.7M,10.4K,166
The Godfather,1972,9.2,2h 55m,The aging patriarch of an organized crime dynasty in postwar New York City transfers control of his clandestine empire to his reluctant youngest son.,78,1.8M,5.1K,191
The Dark Knight,2008,9.0,2h 32m,"When the menace known as the Joker wreaks havoc and chaos on the people of Gotham, Batman must accept one of the greatest psychological and physical tests of his ability to fight injustice.",135,2.6M,8.3K,442
The Godfather Part II,1974,9.0,3h 22m,"The early life and career of Vito Corleone in 1920s New York City is portrayed, while his son, Michael, expands and tightens his grip on the family crime syndicate.",371,1.3M,1.3K,133
12 Angry Men,1957,9.0,1h 36m,The jury in a New York City murder trial is frustrated by a single member whose skeptical caution forces them to more carefully consider the evidence before jumping to a hasty verdict.,443,783K,2K,153
Schindler's List,1993,8.9,3h 15m,"In German-occupied Poland during World War II, industrialist Oskar Schindler gradually becomes concerned for his Jewish workforce after witnessing their persecution by the Nazis.",299,1.3M,2.1K,175
The Lord of the Rings: The Return of the King,2003,8.9,3h 21m,Gandalf and Aragorn lead the World of Men against Sauron's army to draw his gaze from Frodo and Sam as they approach Mount Doom with the One Ring.,133,1.8M,4.1K,343
Pulp Fiction,1994,8.8,2h 34m,"The lives of two mob hitmen, a boxer, a gangster and his wife, and a pair of diner bandits intertwine in four tales of violence and redemption.",140,2M,3.5K,298
The Lord of the Rings: The Fellowship of the Ring,2001,8.8,2h 58m,A meek Hobbit from the Shire and eight companions set out on a journey to destroy the powerful One Ring and save Middle-earth from the Dark Lord Sauron.,48,1.9M,5.6K,218
"Il buono, il brutto, il cattivo",1966,8.8,2h 41m,A bounty hunting scam joins two men in an uneasy alliance against a third in a race to find a fortune in gold buried in a remote cemetery.,624,757K,1.3K,157
Forrest Gump,1994,8.8,2h 22m,"The presidencies of Kennedy and Johnson, the Vietnam War, the Watergate scandal and other historical events unfold from the perspective of an Alabama man with an IQ of 75, whose only desire ... Read all",171,2.1M,3K,176
Fight Club,1999,8.7,2h 19m,An insomniac office worker and a devil-may-care soap maker form an underground fight club that evolves into much more.,146,2.1M,4.3K,373
Inception,2010,8.7,2h 28m,"A thief who steals corporate secrets through the use of dream-sharing technology is given the inverse task of planting an idea into the mind of a C.E.O., but his tragic past may doom the pro... Read all",182,2.3M,4.6K,479
The Lord of the Rings: The Two Towers,2002,8.7,2h 59m,"While Frodo and Sam edge closer to Mordor with the help of the shifty Gollum, the divided fellowship makes a stand against Sauron's new ally, Saruman, and his hordes of Isengard.",204,1.7M,2.7K,318
The Empire Strikes Back,1980,8.7,G2h 4m,"After the Rebels are brutally overpowered by the Empire on the ice planet Hoth, Luke Skywalker begins Jedi training with Yoda, while his friends are pursued across the galaxy by Darth Vader ... Read all",944,1.3M,1.4K,242
The Matrix,1999,8.7,2h 16m,"When a beautiful stranger leads computer hacker Neo to a forbidding underworld, he discovers the shocking truth--the life he knows is the elaborate deception of an evil cyber-intelligence.",318,1.9M,4.8K,254
Goodfellas,1990,8.7,2h 25m,"The story of Henry Hill and his life in the mob, covering his relationship with his wife Karen Hill and his mob partners Jimmy Conway and Tommy DeVito in the Italian-American crime syndicate... Read all",294,1.1M,1.5K,163
One Flew Over the Cuckoo's Nest,1975,8.6,2h 13m,"In the Fall of 1963, a Korean War veteran and criminal pleads insanity and is admitted to a mental institution, where he rallies up the scared patients against the tyrannical nurse.",306,1M,1.1K,185
Se7en,1995,8.6,R2h 7m,"Two detectives, a rookie and a veteran, hunt a serial killer who uses the seven deadly sins as his motives.",209,1.6M,1.8K,180
Shichinin no samurai,1954,8.6,3h 27m,"Farmers from a village exploited by bandits hire a veteran samurai for protection, who gathers six other samurai to join him. As the samurai teach the peasants how to defend themselves, the ... Read all","1,804",345K,810,130
It's a Wonderful Life,1946,8.6,2h 10m,An angel is sent from Heaven to help a desperately frustrated businessman by showing him what life would have been like if he had never existed.,"1,394",453K,1.1K,196
The Silence of the Lambs,1991,8.6,1h 58m,"A young F.B.I. cadet must receive the help of an incarcerated and manipulative cannibal killer to help catch another serial killer, a madman who skins his victims.",141,1.4M,1.5K,250
Cidade de Deus,2002,8.6,2h 10m,"In the slums of Rio, two kids' paths diverge as one struggles to become a photographer and the other a kingpin.",609,753K,1.1K,215
Saving Private Ryan,1998,8.6,2h 49m,"Following the Normandy Landings, a group of U.S. soldiers go behind enemy lines to retrieve a paratrooper whose brothers have been killed in action.",454,1.4M,2.8K,163
La vita è bella,1997,8.6,1h 56m,"When an open-minded Jewish waiter and his son become victims of the Holocaust, he uses a perfect mixture of will, humor, and imagination to protect his son from the dangers around their camp... Read all",731,690K,1.4K,156
Interstellar,2014,8.6,2h 49m,A team of explorers travel through a wormhole in space in an attempt to ensure humanity's survival.,131,1.8M,5.1K,635
The Green Mile,1999,8.6,53h 9m,"The lives of guards on Death Row are affected by one of their charges: a black man accused of child murder and rape, yet who has a mysterious gift.",380,1.3M,2K,212
Star Wars,1977,8.6,G2h 1m,"Luke Skywalker joins forces with a Jedi Knight, a cocky pilot, a Wookiee and two droids to save the galaxy from the Empire's world-destroying battle station, while also attempting to rescue ... Read all",301,1.4M,2K,215
Terminator 2: Judgment Day,1991,8.5,2h 17m,"A cyborg, identical to the one who failed to kill Sarah Connor, must now protect her ten-year-old son John from a more advanced and powerful cyborg.",660,1.1M,1.4K,310
Back to the Future,1985,8.5,1h 56m,"Marty McFly, a 17-year-old high school student, is accidentally sent 30 years into the past in a time-traveling DeLorean invented by his close friend, the maverick scientist Doc Brown.",101,1.2M,1.4K,264
Sen to Chihiro no kamikakushi,2001,8.5,G2h 5m,"During her family's move to the suburbs, a sullen 10-year-old girl wanders into a world ruled by gods, witches, and spirits, and where humans are changed into beasts.",572,755K,1.6K,218
Psycho,1960,8.5,1h 49m,"A Phoenix secretary embezzles $40,000 from her employer's client, goes on the run and checks into a remote motel run by a young man under the domination of his mother.",320,668K,1.5K,254
The Pianist,2002,8.5,2h 30m,A Polish Jewish musician struggles to survive the destruction of the Warsaw ghetto of World War II.,794,825K,1K,142
Gisaengchung,2019,8.5,2h 12m,Greed and class discrimination threaten the newly formed symbiotic relationship between the wealthy Park family and the destitute Kim clan.,199,784K,3.5K,607
Léon,1994,8.5,1h 50m,"12-year-old Mathilda is reluctantly taken in by Léon, a professional assassin, after her family is murdered. An unusual relationship forms as she becomes his protégée and learns the assassin... Read all",255,1.2M,1.4K,157
The Lion King,1994,8.5,1h 28m,"Lion prince Simba and his father are targeted by his bitter uncle, who wants to ascend the throne himself.",536,1M,1.1K,229
Gladiator,2000,8.5,2h 35m,A former Roman General sets out to exact vengeance against the corrupt emperor who murdered his family and sent him into slavery.,232,1.5M,2.9K,222
American History X,1998,8.5,1h 59m,A former neo-nazi skinhead tries to prevent his younger brother from going down the same wrong path that he did.,697,1.1M,1.6K,126
The Departed,2006,8.5,2h 31m,An undercover cop and a mole in the police attempt to identify each other while infiltrating an Irish gang in South Boston.,321,1.3M,2.5K,297
The Usual Suspects,1995,8.5,1h 46m,"A sole survivor tells of the twisty events leading up to a horrific gun battle on a boat, which began when five criminals met at a seemingly random police lineup.",516,1.1M,1.4K,151
The Prestige,2006,8.5,2h 10m,"After a tragic accident, two stage magicians in 1890s London engage in a battle to create the ultimate illusion while sacrificing everything they have to outwit each other.",284,1.3M,1.6K,368
Whiplash,2014,8.5,1h 46m,A promising young drummer enrolls at a cut-throat music conservatory where his dreams of greatness are mentored by an instructor who will stop at nothing to realize a student's potential.,194,846K,1.5K,592
Casablanca,1942,8.5,1h 42m,A cynical expatriate American cafe owner struggles to decide whether or not to help his former lover and her fugitive husband escape the Nazis in French Morocco.,"1,046",569K,1.4K,217
The Intouchables,2011,8.5,1h 52m,"After he becomes a quadriplegic from a paragliding accident, an aristocrat hires a young man from the projects to be his caregiver.",897,850K,806,326
Seppuku,1962,8.5,2h 13m,"When a ronin requesting seppuku at a feudal lord's palace is told of the brutal suicide of another ronin who previously visited, he reveals how their pasts are intertwined - and in doing so ... Read all","3,599",57K,294,81
Hotaru no haka,1988,8.5,1h 29m,A young boy and his little sister struggle to survive in Japan during World War II.,"1,746",275K,934,139
Modern Times,1936,8.4,1h 27m,The Tramp struggles to live in modern industrial society with the help of a young homeless woman.,,242K,347,126
Once Upon a Time in the West,1968,8.4,2h 45m,A mysterious stranger with a harmonica joins forces with a notorious desperado to protect a beautiful widow from a ruthless assassin working for the railroad.,"1,547",328K,817,148
Rear Window,1954,8.4,1h 52m,"A wheelchair-bound photographer spies on his neighbors from his Greenwich Village courtyard apartment window, and becomes convinced one of them has committed murder, despite the skepticism o... Read all","1,403",490K,978,182
Alien,1979,8.4,1h 57m,The crew of a commercial spacecraft encounter a deadly lifeform after investigating an unknown transmission.,233,875K,1.7K,302
City Lights,1931,8.4,1h 27m,"With the aid of a wealthy erratic tippler, a dewy-eyed tramp who has fallen in love with a sightless flower girl accumulates money to be able to help her medically.",,185K,343,129
Nuovo Cinema Paradiso,1988,8.4,2h 35m,A filmmaker recalls his childhood when falling in love with the pictures at the cinema of his home village and forms a deep friendship with the cinema's projectionist.,"2,163",260K,595,121
Apocalypse Now,1979,8.4,2h 27m,A U.S. Army officer serving in Vietnam is tasked with assassinating a renegade Special Forces Colonel who sees himself as a god.,396,664K,1.3K,302
Memento,2000,8.4,1h 53m,A man with short-term memory loss attempts to track down his wife's murderer.,552,1.2M,2.4K,231
Raiders of the Lost Ark,1981,8.4,1h 55m,"Archaeology professor Indiana Jones ventures to seize a biblical artefact known as the Ark of the Covenant. While doing so, he puts up a fight against Renee and a troop of Nazis.",599,960K,1K,278
Django Unchained,2012,8.4,2h 45m,"With the help of a German bounty-hunter, a freed slave sets out to rescue his wife from a brutal plantation-owner in Mississippi.",345,1.5M,1.8K,659
WALL·E,2008,8.4,1h 38m,"In the distant future, a small waste-collecting robot inadvertently embarks on a space journey that will ultimately decide the fate of mankind.","1,194",1.1M,1.4K,275
The Lives of Others,2006,8.4,2h 17m,"In 1984 East Berlin, an agent of the secret police, conducting surveillance on a writer and his lover, finds himself becoming increasingly absorbed by their lives.","1,397",389K,565,222
Sunset Blvd.,1950,8.4,1h 50m,A screenwriter develops a dangerous relationship with a faded film star determined to make a triumphant return.,"2,907",222K,688,197
Paths of Glory,1957,8.4,1h 28m,"After refusing to attack an enemy position, a general accuses the soldiers of cowardice and their commanding officer must defend them.","4,007",197K,495,175
The Shining,1980,8.4,2h 26m,"A family heads to an isolated hotel for the winter where a sinister presence influences the father into violence, while his psychic son sees horrific forebodings from both past and future.",137,1M,2.1K,360
The Great Dictator,1940,8.4,G2h 5m,Dictator Adenoid Hynkel tries to expand his empire while a poor Jewish barber tries to avoid persecution from Hynkel's regime.,"4,585",224K,319,124
Witness for the Prosecution,1957,8.4,1h 56m,A veteran British barrister must defend his client in a murder trial that has surprise after surprise.,"4,054",125K,332,95
Avengers: Infinity War,2018,8.4,2h 29m,The Avengers and their allies must be willing to sacrifice all in an attempt to defeat the powerful Thanos before his blitz of devastation and ruin puts an end to the universe.,377,1.1M,4.5K,629
Aliens,1986,8.3,2h 17m,"Fifty-seven years after surviving an apocalyptic attack aboard her space vessel by merciless space creatures, Officer Ripley awakens from hyper-sleep and tries to warn anyone who will listen... Read all",398,714K,1.4K,212
American Beauty,1999,8.3,R2h 2m,A sexually frustrated suburban father has a mid-life crisis after becoming infatuated with his daughter's best friend.,163,1.1M,3K,216
Spider-Man: Into the Spider-Verse,2018,8.3,1h 57m,"Teen Miles Morales becomes the Spider-Man of his universe, and must join with five spider-powered individuals from other dimensions to stop a threat for all realities.",494,519K,2.1K,425
Dr. Strangelove or: How I Learned to Stop Worrying and Love the Bomb,1964,8.3,1h 35m,"An insane American general orders a bombing attack on the Soviet Union, triggering a path to nuclear holocaust that a war room full of politicians and generals frantically tries to stop.","1,236",489K,1K,238
The Dark Knight Rises,2012,8.3,2h 44m,"Eight years after the Joker's reign of anarchy, Batman, with the help of the enigmatic Selina Kyle, is forced from his exile to save Gotham City from the brutal guerrilla terrorist Bane.",447,1.7M,3.7K,567
Oldeuboi,2003,8.3,03RR2h,"After being kidnapped and imprisoned for fifteen years, Oh Dae-Su is released, only to find that he must find his captor in five days.",433,575K,1.1K,338
Joker,2019,8.3,82h 2m,A mentally troubled stand-up comedian embarks on a downward spiral that leads to the creation of an iconic villain.,216,1.3M,11.3K,701
Amadeus,1984,8.3,2h 40m,"The life, success and troubles of Wolfgang Amadeus Mozart, as told by Antonio Salieri, the contemporaneous composer who was insanely jealous of Mozart's talent and claimed to have murdered h... Read all","1,191",400K,714,127
Toy Story,1995,8.3,1h 21m,A cowboy doll is profoundly threatened and jealous when a new spaceman action figure supplants him as top toy in a boy's bedroom.,887,987K,753,161
Inglourious Basterds,2009,8.3,2h 33m,"In Nazi-occupied France during World War II, a plan to assassinate Nazi leaders by a group of Jewish U.S. soldiers coincides with a theatre owner's vengeful plans for the same.",282,1.4M,2.1K,404
Braveheart,1995,8.3,2h 58m,Scottish warrior William Wallace leads his countrymen in a rebellion to free his homeland from the tyranny of King Edward I of England.,316,1M,1.4K,151
Coco,2017,8.3,1h 45m,"Aspiring musician Miguel, confronted with his family's ancestral ban on music, enters the Land of the Dead to find his great-great-grandfather, a legendary singer.",509,499K,1.3K,418
Das Boot,1981,8.3,2h 29m,A German U-boat stalks the frigid waters of the North Atlantic as its young crew experience the sheer terror and claustrophobic world of a submariner in World War II.,"1,998",251K,566,112
Top Gun: Maverick,2022,8.3,2h 10m,"After thirty years, Maverick is still pushing the envelope as a top naval aviator, but must confront ghosts of his past when he leads TOP GUN's elite graduates on a mission that demands the ... Read all",18,405K,3.7K,378
Avengers: Endgame,2019,8.3,A3h 1m,"After the devastating events of Avengers: Infinity War (2018), the universe is in ruins. With the help of remaining allies, the Avengers assemble once more in order to reverse Thanos' action... Read all",157,1.1M,9.5K,595
Mononoke-hime,1997,8.3,2h 14m,"On a journey to find the cure for a Tatarigami's curse, Ashitaka finds himself in the middle of a war between the forest gods and Tatara, a mining colony. In this quest he also meets San, th... Read all","1,913",392K,797,135
Once Upon a Time in America,1984,8.3,3h 49m,"A former Prohibition-era Jewish gangster returns to the Lower East Side of Manhattan 35 years later, where he must once again confront the ghosts and regrets of his old life.",615,351K,821,133
Good Will Hunting,1997,8.3,R2h 6m,"Will Hunting, a janitor at M.I.T., has a gift for mathematics, but needs help from a psychologist to find direction in his life.",364,959K,1K,161
Kimi no na wa.,2016,8.3,1h 46m,"Two strangers find themselves linked in a bizarre way. When a connection forms, will distance be the only thing to keep them apart?",925,265K,987,244
Requiem for a Dream,2000,8.3,1h 42m,The drug-induced utopias of four Coney Island people are shattered when their addictions run deep.,351,837K,2.3K,179
Toy Story 3,2010,8.3,1h 43m,"The toys are mistakenly delivered to a day-care center instead of the attic right before Andy leaves for college, and it's up to Woody to convince the other toys that they weren't abandoned ... Read all","2,005",831K,967,469
Singin' in the Rain,1952,8.3,1h 43m,A silent film star falls for a chorus girl just as he and his delusionally jealous screen partner are trying to make the difficult transition to talking pictures in 1920s Hollywood.,"1,431",242K,777,176
3 Idiots,2009,8.3,2h 50m,"Two friends are searching for their long lost companion. They revisit their college days and recall the memories of their friend who inspired them to think differently, even as the rest of t... Read all",961,398K,923,56
Tengoku to jigoku,1963,8.3,2h 23m,An executive of a Yokohama shoe company becomes a victim of extortion when his chauffeur's son is kidnapped by mistake and held for ransom.,,45K,155,103
Star Wars: Episode VI - Return of the Jedi,1983,8.3,2h 11m,"After a daring mission to rescue Han Solo from Jabba the Hutt, the Rebels dispatch to Endor to destroy the second Death Star. Meanwhile, Luke struggles to help Darth Vader back from the dark... Read all",830,1M,953,213
2001: A Space Odyssey,1968,8.3,2h 29m,"After uncovering a mysterious artifact buried beneath the Lunar surface, a spacecraft is sent to Jupiter to find its origins - a spacecraft manned by two men and the supercomputer H.A.L. 900... Read all",554,665K,2.4K,288
Eternal Sunshine of the Spotless Mind,2004,8.3,1h 48m,"When their relationship turns sour, a couple undergoes a medical procedure to have each other erased from their memories.",399,1M,2K,303
Reservoir Dogs,1992,8.3,1h 39m,"When a simple jewelry heist goes horribly wrong, the surviving criminals begin to suspect that one of them is a police informant.",649,1M,1.2K,202
Capharnaüm,2018,8.3,R2h 6m,"While serving a five-year sentence for a violent crime, a 12-year-old boy sues his parents for neglect.","1,598",89K,472,197
Jagten,2012,8.3,1h 55m,"A teacher lives a lonely life, all the while struggling over his son's custody. His life slowly gets better as he finds love and receives good news from his son, but his new luck is about to... Read all",680,328K,540,384
Citizen Kane,1941,8.3,1h 59m,"Following the death of publishing tycoon Charles Foster Kane, reporters scramble to uncover the meaning of his final utterance: 'Rosebud.'","1,622",441K,1.6K,201
Lawrence of Arabia,1962,8.3,3h 38m,"The story of T.E. Lawrence, the English officer who successfully united and led the diverse, often warring, Arab tribes during World War I in order to fight the Turks.","1,866",293K,749,165
M - Eine Stadt sucht einen Mörder,1931,8.3,1h 57m,"When the police in a German city are unable to catch a child-murderer, other criminals join in the manhunt.","3,037",158K,411,178
Idi i smotri,1985,8.3,2h 22m,"After finding an old rifle, a young boy joins the Soviet resistance movement against ruthless German forces and experiences the horrors of World War II.",917,79K,628,127
North by Northwest,1959,8.2,2h 16m,"A New York City advertising executive goes on the run after being mistaken for a government agent by a group of foreign spies, and falls for a woman whose loyalties he begins to doubt.","2,145",327K,703,189
Vertigo,1958,8.2,G2h 8m,"A former San Francisco police detective juggles wrestling with his personal demons and becoming obsessed with the hauntingly beautiful woman he has been hired to trail, who may be deeply dis... Read all","1,632",401K,1K,187
Le fabuleux destin d'Amélie Poulain,2001,8.2,G2h 2m,"Amélie is an innocent and naive girl in Paris with her own sense of justice. She decides to help those around her and, along the way, discovers love.","1,212",754K,1.5K,153
A Clockwork Orange,1971,8.2,2h 16m,"In the future, a sadistic gang leader is imprisoned and volunteers for a conduct-aversion experiment, but it doesn't go as planned.",303,825K,1.7K,165
The Apartment,1960,8.2,d2h 5m,"A Manhattan insurance clerk tries to rise in his company by letting its executives use his apartment for trysts, but complications and a romance of his own ensue.","3,653",181K,401,239
Double Indemnity,1944,8.2,1h 47m,"A Los Angeles insurance representative lets an alluring housewife seduce him into a scheme of insurance fraud and murder that arouses the suspicion of his colleague, an insurance investigato... Read all","1,907",157K,450,171
Full Metal Jacket,1987,8.2,1h 56m,A pragmatic U.S. Marine observes the dehumanizing effects the Vietnam War has on his fellow recruits from their brutal boot camp training to the bloody street fighting in Hue.,570,739K,946,168
Ikiru,1952,8.2,2h 23m,A bureaucrat tries to find meaning in his life after he discovers he has terminal cancer.,"4,736",79K,248,139
Scarface,1983,8.2,2h 50m,"In 1980 Miami, a determined Cuban immigrant takes over a drug cartel and succumbs to greed.",411,834K,1.2K,186
Hamilton,2020,8.2,2h 40m,"The real life of one of America's foremost founding fathers and first Secretary of the Treasury, Alexander Hamilton. Captured live on Broadway from the Richard Rodgers Theater with the origi... Read all",589,93K,711,106
The Sting,1973,8.2,G2h 9m,Two grifters team up to pull off the ultimate con.,"1,416",262K,347,135
To Kill a Mockingbird,1962,8.2,d2h 9m,"Atticus Finch, a widowed lawyer in Depression-era Alabama, defends a black man against an undeserved rape charge, and his children against prejudice.","1,393",316K,607,161
Heat,1995,8.2,2h 50m,A group of high-end professional thieves start to feel the heat from the LAPD when they unknowingly leave a clue at their latest heist.,349,651K,1.2K,216
Up,2009,8.2,1h 36m,"78-year-old Carl Fredricksen travels to Paradise Falls in his house equipped with balloons, inadvertently taking a young stowaway.","1,343",1M,1K,409
Taxi Driver,1976,8.2,1h 54m,"A mentally unstable veteran works as a nighttime taxi driver in New York City, where the perceived decadence and sleaze fuels his urge for violent action.",326,824K,1.3K,302
Incendies,2010,8.2,2h 11m,Twins journey to the Middle East to discover their family history and fulfill their mother's last wishes.,"1,358",177K,324,247
Metropolis,1927,8.2,2h 33m,"In a futuristic city sharply divided between the working class and the city planners, the son of the city's mastermind falls in love with a working-class prophet who predicts the coming of a... Read all","1,710",174K,538,222
L.A. Confidential,1997,8.2,2h 18m,"As corruption grows in 1950s Los Angeles, three policemen - one strait-laced, one brutal, and one sleazy - investigate a series of murders with their own brand of justice.","1,324",581K,797,153
Jodaeiye Nader az Simin,2011,8.2,32h 3m,A married couple are faced with a difficult decision - to improve the life of their child by moving to another country or to stay in Iran and look after a deteriorating parent who has Alzhei... Read all,"3,227",245K,422,378
Snatch,2000,8.2,1h 44m,"Unscrupulous boxing promoters, violent bookmakers, a Russian gangster, incompetent amateur robbers and supposedly Jewish jewelers fight to track down a priceless stolen diamond.",481,851K,927,170
Ladri di biciclette,1948,8.2,1h 29m,"In post-war Italy, a working-class man's bicycle is stolen, endangering his efforts to find work. He and his son set out to find it.",,164K,353,142
Die Hard,1988,8.2,2h 12m,An NYPD officer tries to save his wife and several others taken hostage by German terrorists during a Christmas party at the Nakatomi Plaza in Los Angeles.,810,871K,1.1K,202
Indiana Jones and the Last Crusade,1989,8.2,G2h 7m,"In 1938, after his father Professor Henry Jones, Sr. goes missing while pursuing the Holy Grail, Professor Henry ""Indiana"" Jones, Jr. finds himself up against Adolf Hitler's Nazis again to s... Read all","1,576",751K,667,182
Taare Zameen Par,2007,8.2,2h 45m,"An eight-year-old boy is thought to be a lazy trouble-maker, until the new art teacher has the patience and compassion to discover the real problem behind his struggles in school.","3,560",193K,444,37
1917,2019,8.2,1h 59m,"April 6th, 1917. As an infantry battalion assembles to wage war deep in enemy territory, two soldiers are assigned to race against time and deliver a message that will stop 1,600 men from wa... Read all",421,578K,3.4K,520
Der Untergang,2004,8.2,2h 36m,"Traudl Junge, the final secretary for Adolf Hitler, tells of the Nazi dictator's final days in his Berlin bunker at the end of WWII.","1,347",355K,679,115
Per qualche dollaro in più,1965,8.2,2h 12m,Two bounty hunters with the same intentions team up to track down an escaped Mexican outlaw.,"3,517",256K,343,107
Batman Begins,2005,8.2,2h 20m,"After training with his mentor, Batman begins his fight to free crime-ridden Gotham City from corruption.",543,1.5M,3.1K,340
Dangal,2016,8.2,2h 41m,Former wrestler Mahavir Singh Phogat and his two wrestler daughters struggle towards glory at the Commonwealth Games in the face of societal oppression.,"2,175",190K,465,64
The Kid,1921,8.2,d1h 8m,"The Tramp cares for an abandoned child, but events put their relationship in jeopardy.",,127K,234,116
Some Like It Hot,1959,8.2,G2h 1m,"After two male musicians witness a mob hit, they flee the state in an all-female band disguised as women, but further complications set in.",777,267K,496,231
All About Eve,1950,8.2,2h 18m,A seemingly timid but secretly ruthless ingénue insinuates herself into the lives of an aging Broadway star and her circle of theater friends.,"3,450",132K,419,155
The Father,2020,8.2,1h 37m,"A man refuses all assistance from his daughter as he ages. As he tries to make sense of his changing circumstances, he begins to doubt his loved ones, his own mind and even the fabric of his... Read all",842,150K,1K,315
Green Book,2018,8.2,2h 10m,A working-class Italian-American bouncer becomes the driver for an African-American classical pianist on a tour of venues through the 1960s American South.,472,484K,1.7K,424
The Wolf of Wall Street,2013,8.2,13RR3h,"Based on the true story of Jordan Belfort, from his rise to a wealthy stock-broker living the high life to his fall involving crime, corruption and the federal government.",124,1.4M,1.7K,427
Judgment at Nuremberg,1961,8.2,2h 59m,"In 1948, an American court in occupied Germany tries four Nazis judged for war crimes.",,78K,248,106
Ran,1985,8.2,2h 42m,"In Medieval Japan, an elderly warlord retires, handing over his empire to his three sons. However, he vastly underestimates how the new-found power will corrupt them and cause them to turn o... Read all","3,241",126K,327,169
Casino,1995,8.2,2h 58m,"A tale of greed, deception, money, power, and murder occur between two best friends: a mafia enforcer and a casino executive compete against each other over a gambling empire, and over a fas... Read all",580,517K,738,148
Pan's Labyrinth,2006,8.2,1h 58m,"In the Falangist Spain of 1944, the bookish young stepdaughter of a sadistic army officer escapes into an eerie but captivating fantasy world.",555,666K,1.3K,463
Unforgiven,1992,8.2,2h 10m,"Retired Old West gunslinger William Munny reluctantly takes on one last job, with the help of his old partner Ned Logan and a young man, The ""Schofield Kid.""","1,095",411K,684,142
There Will Be Blood,2007,8.2,2h 38m,"A story of family, religion, hatred, oil and madness, focusing on a turn-of-the-century prospector in the early days of the business.",571,583K,1.5K,358
Spider-Man: No Way Home,2021,8.2,2h 28m,"With Spider-Man's identity now revealed, Peter asks Doctor Strange for help. When a spell goes wrong, dangerous foes from other worlds start to appear, forcing Peter to discover what it trul... Read all",102,736K,6.1K,412
The Truman Show,1998,8.2,1h 43m,An insurance salesman discovers his whole life is actually a reality TV show.,579,1.1M,1.4K,252
The Sixth Sense,1999,8.2,1h 47m,"A frightened, withdrawn Philadelphia boy who communicates with spirits seeks the help of a disheartened child psychologist.",352,986K,2.3K,262
A Beautiful Mind,2001,8.2,2h 15m,"After John Nash, a brilliant but asocial mathematician, accepts secret work in cryptography, his life takes a turn for the nightmarish.",861,928K,1.4K,159
Yôjinbô,1961,8.1,1h 50m,A crafty ronin comes to a town divided by two criminal gangs and decides to play them against each other to free the town.,,123K,232,139
Monty Python and the Holy Grail,1975,8.1,1h 31m,"King Arthur and his Knights of the Round Table embark on a surreal, low-budget search for the Holy Grail, encountering many, very silly obstacles.","1,562",540K,844,116
The Treasure of the Sierra Madre,1948,8.1,d2h 6m,Two down-on-their-luck Americans searching for work in 1920s Mexico convince an old prospector to help them mine for gold in the Sierra Madre Mountains.,,125K,313,107
Shutter Island,2010,8.1,2h 18m,"In 1954, a U.S. Marshal investigates the disappearance of a murderer who escaped from a hospital for the criminally insane.",266,1.3M,1.5K,525
Jurassic Park,1993,8.1,G2h 7m,A pragmatic paleontologist touring an almost complete theme park on an island in Central America is tasked with protecting a couple of kids after a power failure causes the park's cloned din... Read all,261,982K,1.3K,256
Rashômon,1950,8.1,1h 28m,"The rape of a bride and the murder of her samurai husband are recalled from the perspectives of a bandit, the bride, the samurai's ghost and a woodcutter.",,169K,390,138
The Great Escape,1963,8.1,2h 52m,Allied prisoners of war plan for several hundred of their number to escape from a German camp during World War II.,"1,591",244K,426,122
Kill Bill: Vol. 1,2003,8.1,1h 51m,"After awakening from a four-year coma, a former assassin wreaks vengeance on the team of assassins who betrayed her.",500,1.1M,2.4K,333
No Country for Old Men,2007,8.1,R2h 2m,Violence and mayhem ensue after a hunter stumbles upon a drug deal gone wrong and more than two million dollars in cash near the Rio Grande.,293,964K,2K,528
Finding Nemo,2003,8.1,1h 40m,"After his son is captured in the Great Barrier Reef and taken to Sydney, a timid clownfish sets out on a journey to bring him home.","1,238",1M,1K,164
The Elephant Man,1980,8.1,G2h 4m,"A Victorian surgeon rescues a heavily disfigured man who is mistreated while scraping a living as a side-show freak. Behind his monstrous façade, there is revealed a person of kindness, inte... Read all","1,896",241K,470,164
Chinatown,1974,8.1,2h 10m,"A private detective hired to expose an adulterer in 1930s Los Angeles finds himself caught up in a web of deceit, corruption, and murder.","1,685",326K,609,164
The Thing,1982,8.1,1h 49m,A research team in Antarctica is hunted by a shape-shifting alien that assumes the appearance of its victims.,220,422K,1.3K,382
Raging Bull,1980,8.1,22h 9m,"The life of boxer Jake LaMotta, whose violence and temper that led him to the top in the ring destroyed his life outside of it.","2,181",353K,660,161
Gone with the Wind,1939,8.1,3h 58m,The manipulative daughter of a Georgia plantation owner conducts a turbulent romance with a roguish profiteer during the American Civil War and Reconstruction periods.,"1,266",315K,971,195
V for Vendetta,2005,8.1,2h 12m,"In a future British dystopian society, a shadowy freedom fighter, known only by the alias of ""V"", plots to overthrow the tyrannical government - with the help of a young woman.",626,1.1M,2.4K,212
Inside Out,2015,8.1,1h 35m,"After young Riley is uprooted from her Midwest life and moved to San Francisco, her emotions - Joy, Fear, Anger, Disgust and Sadness - conflict on how best to navigate a new city, house, and... Read all",926,707K,1.1K,595
"Lock, Stock and Two Smoking Barrels",1998,8.1,1h 47m,"Eddy persuades his three pals to pool money for a vital poker game against a powerful local mobster, Hatchet Harry. Eddy loses, after which Harry gives him a week to pay back 500,000 pounds.","1,245",580K,638,119
Dial M for Murder,1954,8.1,1h 45m,A former tennis star arranges the murder of his adulterous wife.,"4,291",176K,417,115
El secreto de sus ojos,2009,8.1,R2h 9m,A retired legal counselor writes a novel hoping to find closure for one of his past unresolved homicide cases and for his unreciprocated love with his superior - both of which still haunt hi... Read all,"2,342",210K,343,286
Hauru no ugoku shiro,2004,8.1,1h 59m,"When an unconfident young woman is cursed with an old body by a spiteful witch, her only chance of breaking the spell lies with a self-indulgent yet insecure young wizard and his companions ... Read all","1,094",392K,557,241
The Bridge on the River Kwai,1957,8.1,2h 41m,"British POWs are forced to build a railway bridge across the river Kwai for their Japanese captors in occupied Burma, not knowing that the allied forces are planning a daring commando raid t... Read all","2,739",221K,373,111
"Three Billboards Outside Ebbing, Missouri",2017,8.1,1h 55m,A mother personally challenges the local authorities to solve her daughter's murder when they fail to catch the culprit.,630,503K,1.3K,575
Trainspotting,1996,8.1,1h 33m,"Renton, deeply immersed in the Edinburgh drug scene, tries to clean up and get out, despite the allure of the drugs and influence of friends.",836,684K,683,156
Warrior,2011,8.1,2h 20m,"The youngest son of an alcoholic former boxer returns home, where he's trained by his father for competition in a mixed martial arts tournament - a path that puts the fighter on a collision ... Read all",881,471K,809,336
Gran Torino,2008,8.1,1h 56m,"Disgruntled Korean War veteran Walt Kowalski sets out to reform his neighbor, Thao Lor, a Hmong teenager who tried to steal Kowalski's prized possession: a 1972 Gran Torino.","2,169",773K,1.1K,366
Fargo,1996,8.1,1h 38m,Minnesota car salesman Jerry Lundegaard's inept crime falls apart due to his and his henchmen's bungling and the persistent police work of the quite pregnant Marge Gunderson.,825,675K,1K,235
Prisoners,2013,8.1,2h 33m,"When Keller Dover's daughter and her friend go missing, he takes matters into his own hands as the police pursue multiple leads and the pressure mounts.",143,704K,1.1K,498
Tonari no Totoro,1988,8.1,1h 26m,"When two girls move to the country to be near their ailing mother, they have adventures with the wondrous forest spirits who live nearby.","2,543",337K,560,148
Million Dollar Baby,2004,8.1,2h 12m,A determined woman works with a hardened boxing trainer to become a professional.,"1,730",685K,1.3K,261
Catch Me If You Can,2002,8.1,2h 21m,"Barely 21 yet, Frank is a skilled forger who has passed as a doctor, lawyer and pilot. FBI agent Carl becomes obsessed with tracking down the con man, who only revels in the pursuit.",623,971K,989,199
The Gold Rush,1925,8.1,1h 35m,"A prospector goes to the Klondike during the 1890s gold rush in hopes of making his fortune, and is smitten with a girl he sees in a dance hall.",,112K,220,128
Bacheha-Ye aseman,1997,8.1,1h 29m,"After a boy loses his sister's pair of shoes, he goes on a series of adventures in order to find them. When he can't, he tries a new way to ""win"" a new pair.",,75K,204,62
Blade Runner,1982,8.1,1h 57m,"A blade runner must pursue and terminate four replicants who stole a ship in space, and have returned to Earth to find their creator.",439,765K,1.7K,289
On the Waterfront,1954,8.1,1h 48m,"An ex-prize fighter turned New Jersey longshoreman struggles to stand up to his corrupt union bosses, including his older brother, as he starts to connect with the grieving sister of one of ... Read all","1,691",155K,385,166
12 Years a Slave,2013,8.1,2h 14m,"In the antebellum United States, Solomon Northup, a free black man from upstate New York, is abducted and sold into slavery.","1,133",698K,965,489
Before Sunrise,1995,8.1,1h 41m,"A young man and woman meet on a train in Europe, and wind up spending one evening together in Vienna. Unfortunately, both know that this will probably be their only night together.","1,205",307K,595,158
The Third Man,1949,8.1,1h 44m,"Pulp novelist Holly Martins travels to shadowy, postwar Vienna, only to find himself investigating the mysterious death of an old friend, Harry Lime.","4,234",172K,517,215
Smultronstället,1957,8.1,1h 31m,"After living a life marked by coldness, an aging professor is forced to confront the emptiness of his existence.",,108K,216,106
Harry Potter and the Deathly Hallows: Part 2,2011,8.1,2h 10m,"Harry, Ron, and Hermione search for Voldemort's remaining Horcruxes in their effort to destroy the Dark Lord as the final battle rages on at Hogwarts.",452,868K,1K,490
Ben-Hur,1959,8.1,3h 32m,"After a Jewish prince is betrayed and sent into slavery by a Roman friend in 1st-century Jerusalem, he regains his freedom and comes back for revenge.","2,663",239K,497,134
Gone Girl,2014,8.1,2h 29m,"With his wife's disappearance having become the focus of an intense media circus, a man sees the spotlight turned on him when it's suspected that he may not be innocent.",314,975K,1.7K,632
The General,1926,8.1,d1h 7m,"After being rejected by the Confederate military, not realizing it was due to his crucial civilian role, an engineer must single-handedly recapture his beloved locomotive after it is seized ... Read all",,92K,331,122
The Deer Hunter,1978,8.1,53h 3m,An in-depth examination of the ways in which the Vietnam War impacts and disrupts the lives of several friends in a small steel mill town in Pennsylvania.,"1,744",339K,1.2K,145
The Grand Budapest Hotel,2014,8.1,1h 39m,"A writer encounters the owner of an aging high-class hotel, who tells him of his early years serving as a lobby boy in the hotel's glorious years under an exceptional concierge.",374,802K,1K,578
In the Name of the Father,1993,8.1,2h 13m,A man's coerced confession to an I.R.A. bombing he did not commit results in the imprisonment of his father as well. An English lawyer fights to free them.,"3,557",175K,219,64
Barry Lyndon,1975,8.1,G3h 5m,An Irish rogue wins the heart of a rich widow and assumes her dead husband's aristocratic position in 18th-century England.,"1,609",168K,527,104
Le salaire de la peur,1953,8.1,2h 11m,"In a decrepit South American village, four men are hired to transport an urgent nitroglycerine shipment without the equipment that would make it safe.",,61K,188,142
Sherlock Jr.,1924,8.1,sed45m,"A film projectionist longs to be a detective, and puts his meagre skills to work when he is framed by a rival for stealing his girlfriend's father's pocketwatch.",,50K,347,70
Mr. Smith Goes to Washington,1939,8.1,d2h 9m,"A naive youth leader is appointed to fill a vacancy in the U.S. Senate. His idealistic plans promptly collide with corruption at home and subterfuge from his hero in Washington, but he tries... Read all",,116K,338,97
Salinui chueok,2003,8.1,2h 11m,"In a small Korean province in 1986, two detectives struggle with the case of multiple young women being found raped and murdered by an unknown culprit.",763,182K,386,181
Hacksaw Ridge,2016,8.1,2h 19m,"World War II American Army Medic Desmond T. Doss, who served during the Battle of Okinawa, refuses to kill people and becomes the first man in American history to receive the Medal of Honor ... Read all",561,520K,1.1K,481
Klaus,2019,8.1,1h 36m,"A simple act of kindness always sparks another, even in a frozen, faraway place. When Smeerensburg's new postman, Jesper, befriends toymaker Klaus, their gifts melt an age-old feud and deliv... Read all","3,500",148K,801,117
Relatos salvajes,2014,8.1,R2h 2m,Six short stories that explore the extremities of human behavior involving people in distress.,"1,564",198K,279,317
Det sjunde inseglet,1957,8.1,1h 36m,"A knight returning to Sweden after the Crusades seeks answers about life, death, and the existence of God as he plays chess against the Grim Reaper during the Black Plague.","3,146",185K,391,144
Room,2015,8.1,1h 58m,"Held captive for 7 years in an enclosed space, a woman and her young son finally gain their freedom, allowing the boy to experience the outside world for the first time.","1,003",419K,791,486
Mad Max: Fury Road,2015,8.1,15RR2h,"In a post-apocalyptic wasteland, a woman rebels against a tyrannical ruler in search for her homeland with the aid of a group of female prisoners, a psychotic worshiper, and a drifter named ... Read all",440,994K,2.2K,840
Mary and Max.,2009,8.1,1h 32m,"A tale of friendship between two unlikely pen pals: Mary, a lonely, eight-year-old girl living in the suburbs of Melbourne, and Max, a forty-four-year old, severely obese man living in New Y... Read all","4,862",177K,260,181
How to Train Your Dragon,2010,8.1,1h 38m,"A hapless young Viking who aspires to hunt dragons becomes the unlikely friend of a young dragon himself, and learns there may be more to the creatures than he assumed.","1,581",736K,708,193
The Big Lebowski,1998,8.1,1h 57m,"Ultimate L.A. slacker Jeff ""The Dude"" Lebowski, mistaken for a millionaire of the same name, seeks restitution for a rug ruined by debt collectors, enlisting his bowling buddies for help whi... Read all",444,804K,1.4K,204
"Monsters, Inc.",2001,8.1,1h 32m,"In order to power the city, monsters have to scare children so that they scream. However, the children are toxic to the monsters, and after a child gets through, two monsters realize things ... Read all","1,028",903K,767,245
Jaws,1975,8.1,G2h 4m,"When a killer shark unleashes chaos on a beach community off Cape Cod, it's up to a local sheriff, a marine biologist, and an old seafarer to hunt the beast down.",313,603K,1.4K,298
Tôkyô monogatari,1953,8.1,2h 16m,"An old couple visit their children and grandchildren in the city, but receive little attention.",,62K,198,100
La passion de Jeanne d'Arc,1928,8.1,1h 50m,"In 1431, Jeanne d'Arc is placed on trial on charges of heresy. The ecclesiastical jurists attempt to force Jeanne to recant her claims of holy visions.",,55K,230,136
Dead Poets Society,1989,8.1,G2h 8m,Maverick teacher John Keating uses poetry to embolden his boarding school students to new heights of self-expression.,725,487K,756,119
Hotel Rwanda,2004,8.1,32h 1m,"Paul Rusesabagina, a hotel manager, houses over a thousand Tutsi refugees during their struggle against the Hutu militia in Rwanda, Africa.","3,886",355K,709,158
Ford v Ferrari,2019,8.0,2h 32m,American car designer Carroll Shelby and driver Ken Miles battle corporate interference and the laws of physics to build a revolutionary race car for Ford in order to defeat Ferrari at the 2... Read all,263,387K,1.5K,355
Rocky,1976,8.0,PGPG2h,A small-time Philadelphia boxer gets a supremely rare chance to fight the world heavyweight champion in a bout in which he strives to go the distance for his self-respect.,"1,360",573K,788,192
Platoon,1986,8.0,86RR2h,"Chris Taylor, a neophyte recruit in Vietnam, finds himself caught in a battle of wills between two sergeants, one good and the other evil. A shrewd examination of the brutality of war and th... Read all","1,411",413K,670,135
Pather Panchali,1955,8.0,d2h 5m,"Impoverished priest Harihar Ray, dreaming of a better life for himself and his family, leaves his rural Bengal village in search of work.",,33K,185,119
Everything Everywhere All at Once,2022,8.0,2h 19m,"An aging Chinese immigrant is swept up in an insane adventure, in which she alone can save the world by exploring other universes connecting with the lives she could have led.",32,224K,2.1K,332
Stand by Me,1986,8.0,1h 29m,"After the death of one of his friends, a writer recounts a childhood journey with his friends to find the body of a missing boy.",370,402K,783,137
The Terminator,1984,8.0,1h 47m,"A human soldier is sent from 2029 to 1984 to stop an almost indestructible cyborg killing machine, sent from the same year, which has been programmed to execute a young woman whose unborn so... Read all",588,860K,1K,250
Spotlight,2015,8.0,R2h 9m,"The true story of how the Boston Globe uncovered the massive scandal of child molestation and cover-up within the local Catholic Archdiocese, shaking the entire Catholic Church to its core.","1,111",468K,695,515
Rush,2013,8.0,R2h 3m,The merciless 1970s rivalry between Formula One rivals James Hunt and Niki Lauda.,495,478K,641,424
Logan,2017,8.0,2h 17m,"In a future where mutants are nearly extinct, an elderly and weary Logan leads a quiet life. But when Laura, a mutant child pursued by scientists, comes to him for help, he must get her to s... Read all",384,756K,1.7K,658
Ratatouille,2007,8.0,1h 51m,A rat who can cook makes an unusual alliance with a young kitchen worker at a famous Paris restaurant.,740,729K,855,305
Network,1976,8.0,R2h 1m,"A television network cynically exploits a deranged former anchor's ravings and revelations about the news media for its own profit, but finds that his message may be difficult to control.",851,160K,434,184
Into the Wild,2007,8.0,2h 28m,"After graduating from Emory University, top student and athlete Christopher McCandless abandons his possessions, gives his entire $24,000 savings account to charity and hitchhikes to Alaska ... Read all",962,621K,1K,246
The Wizard of Oz,1939,8.0,1h 42m,"Young Dorothy Gale and her dog Toto are swept away by a tornado from their Kansas farm to the magical Land of Oz, and embark on a quest with three new friends to see the Wizard, who can retu... Read all",701,398K,798,165
Before Sunset,2004,8.0,1h 20m,"Nine years after Jesse and Celine first met, they encounter each other again on the French leg of Jesse's book tour.","2,677",263K,597,237
Groundhog Day,1993,8.0,1h 41m,"A narcissistic, self-centered weatherman finds himself in a time loop on Groundhog Day, and the day keeps repeating until he gets it right.","1,326",628K,897,142
The Exorcist,1973,8.0,52h 2m,"When a teenage girl is possessed by a mysterious entity, her mother seeks the help of two priests to save her daughter.",159,405K,1.4K,235
Jai Bhim,2021,8.0,2h 44m,"When a tribal man is arrested for a case of alleged theft, his wife turns to a human-rights lawyer to help bring justice.","3,675",200K,3.3K,21
The Best Years of Our Lives,1946,8.0,2h 50m,"Three World War II veterans, two of them traumatized or disabled, return home to the American midwest to discover that they and their families have been irreparably changed.",,65K,337,114
To Be or Not to Be,1942,8.0,1h 39m,"During the Nazi occupation of Poland, an acting troupe becomes embroiled in a Polish soldier's efforts to track down a German spy.","4,990",38K,161,66
The Incredibles,2004,8.0,1h 55m,"While trying to lead a quiet suburban life, a family of undercover superheroes are forced into action to save the world.","1,035",732K,1K,240
La battaglia di Algeri,1966,8.0,d2h 1m,"In the 1950s, fear and violence escalate as the people of Algiers fight for independence from the French government.",,60K,312,145
Hachi: A Dog's Tale,2009,8.0,1h 33m,A college professor bonds with an abandoned dog he takes into his home.,"2,093",284K,613,97
The Grapes of Wrath,1940,8.0,d2h 9m,"An Oklahoma family, driven off their farm by the poverty and hopelessness of the Dust Bowl, joins the westward migration to California, suffering the misfortunes of the homeless in the Great... Read all",,93K,390,99
Rebecca,1940,8.0,2h 10m,A self-conscious woman juggles adjusting to her new role as an aristocrat's wife and avoiding being intimidated by his first wife's spectral presence.,"3,218",137K,388,214
Amores perros,2000,8.0,2h 34m,"A horrific car accident connects three stories, each involving characters dealing with loss, regret, and life's harsh realities, all in the name of love.","2,875",240K,420,154
Babam ve Oglum,2005,8.0,1h 52m,The family of a left-wing journalist is torn apart after the military coup of Turkey in 1980.,,87K,138,8
Pirates of the Caribbean: The Curse of the Black Pearl,2003,8.0,2h 23m,"Blacksmith Will Turner teams up with eccentric pirate ""Captain"" Jack Sparrow to save his love, the governor's daughter, from Jack's former pirate allies, who are now undead.",435,1.1M,2.3K,182
La haine,1995,8.0,1h 38m,24 hours in the lives of three young men in the French suburbs the day after a violent riot.,"2,266",173K,257,91
Cool Hand Luke,1967,8.0,P2h 7m,"A laid back Southern man is sentenced to two years in a rural prison, but refuses to conform.","1,956",177K,388,107
Les quatre cents coups,1959,8.0,1h 39m,"A young boy, left without attention, delves into a life of petty crime.",,118K,238,181
Persona,1966,8.0,1h 25m,A nurse is put in charge of a mute actress and finds that their personae are melding together.,"3,440",119K,269,145
Ah-ga-ssi,2016,8.0,2h 25m,"A woman is hired as a handmaiden to a Japanese heiress, but secretly she is involved in a plot to defraud her.",317,146K,329,350
It Happened One Night,1934,8.0,1h 45m,"A renegade reporter trailing a young runaway heiress for a big story joins her on a bus heading from Florida to New York, and they end up stuck with each other when the bus leaves them behin... Read all","4,968",104K,343,129
The Sound of Music,1965,8.0,2h 52m,A young novitiate is sent by her convent in 1930s Austria to become a governess to the seven children of a widowed naval officer.,828,234K,531,134
Life of Brian,1979,8.0,1h 34m,"Born on the original Christmas in the stable next door to Jesus Christ, Brian of Nazareth spends his life being mistaken for a messiah.","2,370",399K,453,122
Dersu Uzala,1975,8.0,2h 22m,The Russian army sends an explorer on an expedition to the snowy Siberian wilderness where he makes friends with a seasoned local hunter.,,30K,119,55
The Help,2011,8.0,2h 26m,"An aspiring author during the civil rights movement of the 1960s decides to write a book detailing the African American maids' point of view on the white families for which they work, and th... Read all",946,458K,646,298
Gandhi,1982,8.0,3h 11m,The life of the lawyer who became the famed leader of the Indian revolts against the British rule through his philosophy of nonviolent protest.,"3,800",232K,331,110
Aladdin,1992,8.0,1h 30m,A kindhearted street urchin and a power-hungry Grand Vizier vie for a magic lamp that has the power to make their deepest wishes come true.,"1,522",417K,383,152
The Iron Giant,1999,8.0,1h 26m,A young boy befriends a giant robot from outer space that a paranoid government agent wants to destroy.,"2,057",196K,627,142
